pathway,I2,Q_test,model_p,Coefficient,C.lower,C.upper
1CMET2-PWY,0,0.902976078170487,0.75725284280156,0.0246407610315464,-0.13160809321271,0.180889615275803
3-HYDROXYPHENYLACETATE-DEGRADATION-PWY,0,0.958809961307406,0.924290713102419,-0.00757436116475382,-0.163792597710508,0.148643875381
AEROBACTINSYN-PWY,0,0.930766657802305,0.26371571198926,0.0891336864577492,-0.0671751088573618,0.24544248177286
ALL-CHORISMATE-PWY,0,0.933226793234974,0.953451768308536,-0.00465293538995055,-0.160883286748052,0.151577415968151
ANAEROFRUCAT-PWY,23.4607480230377,0.303831409113664,0.026589079402023,-0.224463476705847,-0.422858392820428,-0.0260685605912659
ANAGLYCOLYSIS-PWY,0,0.574889757833988,0.313074037217365,0.0805100676918913,-0.0759113900892772,0.23693152547306
ARG+POLYAMINE-SYN,41.7959791802936,0.147833178226714,0.118404331403411,0.187381722025793,-0.0478151640831429,0.422578608134729
ARGDEG-PWY,0,0.992230831999915,0.725828547176551,-0.027947892063773,-0.184149802530795,0.128254018403249
ARGORNPROST-PWY,54.7403780292432,0.0652831370246649,0.0858401445325615,-0.236657734749819,-0.506683965594519,0.0333684960948804
ARGSYN-PWY,9.4239131012382,0.436255798155376,0.0271567966450091,0.195483582692746,0.0220583779682811,0.36890878741721
ARGSYNBSUB-PWY,19.3349591915455,0.419822109263329,0.039969363588033,0.199866195284121,0.00915632450491211,0.39057606606333
ARO-PWY,0,0.695894719100119,0.292816821943599,0.083935553449111,-0.0724489988753348,0.240320105773557
ASPASN-PWY,0.00168035914706205,0.441581669485771,0.886245439233093,-0.0114166488192176,-0.167831748419346,0.144998450780911
AST-PWY,0,0.802383229927384,0.575371453471481,0.0446703345969464,-0.111628775490788,0.200969444684681
BIOTIN-BIOSYNTHESIS-PWY,0.000866274375259176,0.351027966353412,0.00255908527997595,0.241651851459583,0.0846269398119463,0.398676763107219
BRANCHED-CHAIN-AA-SYN-PWY,64.1343778801835,0.0175949979635862,0.00262142055050831,0.472349801704019,0.164672717616265,0.780026885791772
CALVIN-PWY,30.684483905253,0.168688212302928,0.441498832780147,-0.083055964187226,-0.29455936939299,0.128447441018538
CATECHOL-ORTHO-CLEAVAGE-PWY,0,0.751059587323153,0.825105154214149,0.0176226566393983,-0.138677460684452,0.173922773963248
CENTFERM-PWY,3.13854704396692,0.402796525683485,0.303975890202234,-0.085007629310388,-0.247090189515575,0.0770749308947987
CHLOROPHYLL-SYN,0,0.555474839295047,0.492006325940204,-0.0591004186146559,-0.227680116014035,0.109479278784723
COA-PWY,0,0.770418707185402,0.401410198669994,-0.0669302763873125,-0.223264558428422,0.0894040056537969
COBALSYN-PWY,35.5757164132902,0.220827989782566,0.0930456149481458,0.189748364121734,-0.0316804528744527,0.411177181117921
CODH-PWY,0,0.537610947391935,0.237763574379718,-0.0942438076196341,-0.250702575097169,0.0622149598579006
COLANSYN-PWY,6.20587620787027e-05,0.34644700273756,0.481302918397803,0.0562251816313192,-0.1002616060224,0.212711969285038
COMPLETE-ARO-PWY,0,0.65364125881355,0.190786353129447,0.104419935391354,-0.0520167618600214,0.260856632642729
CRNFORCAT-PWY,0,0.649197279875316,0.194499133039441,0.103551987858314,-0.0528844905211002,0.259988466237729
DAPLYSINESYN-PWY,0,0.456411882710602,0.12077179627353,0.123931306858849,-0.032623180645878,0.280485794363577
DENITRIFICATION-PWY,70.38258686699,0.0134560795646105,0.11137875544264,-0.272649558124088,-0.608311886583817,0.0630127703356417
DENOVOPURINE2-PWY,0.00110703628271511,0.573125753797568,0.274721721488009,-0.0871784847621448,-0.243613506992814,0.0692565374685244
DHGLUCONATE-PYR-CAT-PWY,0.000205115853353831,0.349072241775845,0.521812370030163,0.0511408025358786,-0.105339527302438,0.207621132374196
DTDPRHAMSYN-PWY,0,0.621755570660851,0.425695370290233,-0.0635571406387625,-0.219937927478754,0.0928236462012293
ECASYN-PWY,0,0.931943160653312,0.761532691454479,-0.0241906827163192,-0.180427110707926,0.132045745275287
ENTBACSYN-PWY,0,0.742700362573569,0.973225823822098,0.00267650721629492,-0.153623473600001,0.158976488032591
FAO-PWY,0,0.835175244295788,0.848274792105537,-0.0152542020507456,-0.171524673268221,0.14101626916673
FASYN-ELONG-PWY,0,0.695011587368403,0.0533562718130684,0.154317030560381,-0.00223147879819188,0.310865539918954
FASYN-INITIAL-PWY,18.593112185828,0.277030075644934,0.0018595676441645,0.301985903276762,0.111779782363935,0.492192024189588
FERMENTATION-PWY,49.7155879078643,0.0856783111687917,0.815012411785176,-0.0303110977923126,-0.284232605063004,0.223610409478379
FOLSYN-PWY,37.5055767619083,0.172545706722039,0.0174125674017643,-0.274575337661196,-0.500893796488019,-0.048256878834373
FUC-RHAMCAT-PWY,27.6975593031513,0.282932330302111,0.0488016939892844,0.207130994165759,0.00108869444095966,0.413173293890559
FUCCAT-PWY,0,0.541781192633179,0.671129155324746,0.0338778999774273,-0.122503750467356,0.190259550422211
GALACT-GLUCUROCAT-PWY,0,0.580005980458796,0.253706085163896,0.0911019816618555,-0.0653353527309238,0.247539316054635
GALACTARDEG-PWY,0,0.715039901193305,0.905786194192919,0.00943901086636292,-0.146871113018744,0.16574913475147
GALACTUROCAT-PWY,0,0.835045234867971,0.012490589988042,0.199659302314947,0.0430022337481396,0.356316370881754
GALLATE-DEGRADATION-I-PWY,0.00377529491622796,0.423008808841251,0.539043674597469,-0.0490317669030282,-0.205481041435794,0.107417507629738
GALLATE-DEGRADATION-II-PWY,0.0023230287833699,0.450402316501721,0.608257894618742,-0.0409082947743707,-0.197335846821009,0.115519257272267
GLCMANNANAUT-PWY,66.7965190035353,0.0176568165057381,0.0316029619935356,-0.348507779523448,-0.666300524261222,-0.0307150347856732
GLUCARDEG-PWY,0,0.739384135042916,0.923044893960976,0.00770349371359194,-0.148598111423099,0.164005098850283
GLUCARGALACTSUPER-PWY,0,0.715039901193305,0.905786194192919,0.00943901086636292,-0.146871113018744,0.16574913475147
GLUCONEO-PWY,0.00998814850607907,0.257993329524857,0.518268459370601,0.0516004652834047,-0.104951267826033,0.208152198392842
GLUCOSE1PMETAB-PWY,0,0.651823192191477,0.639961645011419,-0.0373121610438595,-0.193656602441867,0.119032280354148
GLUCUROCAT-PWY,0,0.675142728586184,0.754853027907204,0.024905140158711,-0.131423732265059,0.181234012582481
GLUTORN-PWY,47.0592064208321,0.116746648117611,0.00894567372714106,0.332424840316285,0.0831861354325106,0.581663545200059
GLYCOCAT-PWY,0,0.552602669559182,0.0356620991114616,0.167894039955598,0.0112524540295733,0.324535625881623
GLYCOGENSYNTH-PWY,0,0.654566075998189,0.738413773645421,0.0266379439734121,-0.129698880500014,0.182974768446838
GLYCOL-GLYOXDEG-PWY,0.0131408793611661,0.334233956909424,0.340025587720281,0.0762053391153401,-0.0803373917029658,0.232748069933646
GLYCOLYSIS,29.6942988567784,0.240942276427694,0.0801759591044762,-0.187329802068594,-0.397175372338357,0.0225157682011684
GLYCOLYSIS-E-D,0,0.871611767920712,0.594088489086732,-0.0424910445118359,-0.198763675703024,0.113781586679352
GLYCOLYSIS-TCA-GLYOX-BYPASS,0,0.679131284898239,0.935094456694906,0.00649520993794391,-0.149826655636247,0.162817075512135
GLYOXYLATE-BYPASS,0,0.909822659507212,0.487791908640571,0.0553194198749248,-0.100950615350191,0.211589455100041
GOLPDLCAT-PWY,1.40319964256424,0.35333270015291,0.982714874823424,-0.0017572589925882,-0.160728082327544,0.157213564342368
HCAMHPDEG-PWY,0,0.93636331590853,0.161306572091569,0.111736134733087,-0.0446144379790206,0.268086707445194
HEME-BIOSYNTHESIS-II,6.03846844655129,0.3135808843726,0.0713025834314169,-0.1540734739581,-0.321509480827207,0.0133625329110065
HEMESYN2-PWY,31.2205517083944,0.257226372428477,0.0439167417964763,-0.218825590559098,-0.43168655345045,-0.00596462766774525
HEXITOLDEGSUPER-PWY,0,0.711120591441779,0.057372137530279,-0.151783486739194,-0.308318957668166,0.00475198418977915
HISDEG-PWY,44.3136408520301,0.130606449047529,0.066902020035511,-0.225594700263295,-0.466903352271201,0.0157139517446113
HISTSYN-PWY,55.421826390907,0.0548526892144851,0.000733749626254608,0.474255456823769,0.198975446986182,0.749535466661357
HOMOSER-METSYN-PWY,80.4096772779493,0.00152979246012397,0.237691499175955,-0.247824550958183,-0.659187049089126,0.163537947172759
HSERMETANA-PWY,0.00205739796810684,0.310763471450063,0.000609913946071941,-0.274906095131726,-0.432122260020181,-0.117689930243271
ILEUSYN-PWY,61.3175754584788,0.0299845989762645,0.00345595592238722,0.440935569458756,0.145372625699867,0.736498513217646
KDO-NAGLIPASYN-PWY,0,0.902184071112567,0.685715220204616,-0.0322618691247372,-0.188515273305079,0.123991535055605
KETOGLUCONMET-PWY,4.75457684480332,0.392733571043858,0.379883485580145,0.0738949145553964,-0.0910402378743428,0.238830066985136
LACTOSECAT-PWY,68.2645252034548,0.0189602469551838,0.00821616643408483,-0.440318652116961,-0.766838027738453,-0.113799276495469
LEU-DEG2-PWY,0,0.899929369263289,0.105105403616977,0.129325012873863,-0.0270823607670085,0.285732386514735
LIPASYN-PWY,0.000388427911789069,0.430334442766854,0.0743818899556501,-0.142574767930643,-0.299189755050607,0.0140402191893215
LPSSYN-PWY,0,0.647032732870127,0.84371517408703,0.0157249957307611,-0.140609914976296,0.172059906437818
MET-SAM-PWY,84.2260499613065,0.00045758848480593,0.170152453310243,-0.321490778451133,-0.780850597890037,0.13786904098777
METH-ACETATE-PWY,0,0.485743131982839,0.0179805223975523,0.189214793021741,0.0324729485299417,0.345956637513541
METHANOGENESIS-PWY,0,0.435884029532871,0.545843487172718,-0.0519639221617353,-0.220585406633421,0.11665756230995
METHGLYUT-PWY,7.13227306907716,0.316661771936806,0.966124295710363,0.00366353278645992,-0.165407561468575,0.172734627041495
METHYLGALLATE-DEGRADATION-PWY,0.000756839651819626,0.422791799249439,0.53270367566765,-0.049798538785505,-0.206243198906336,0.106646121335326
NAD-BIOSYNTHESIS-II,0,0.880628789915976,0.121518109904607,-0.123561401222284,-0.279962042996884,0.0328392405523165
NADSYN-PWY,0.00768757585515573,0.502591226050938,0.682885658208169,0.0326015630893753,-0.123808279032072,0.189011405210823
NAGLIPASYN-PWY,0,0.717543924552444,0.133011474114956,-0.119919553700718,-0.276368366814914,0.036529259413478
NONMEVIPP-PWY,0,0.711451786004048,0.147680262741127,0.115558772898673,-0.0408821017835925,0.271999647580939
NONOXIPENT-PWY,0,0.731770398500373,0.397173836647722,0.0675404081020903,-0.0888077507673548,0.223888566971535
OANTIGEN-PWY,0,0.679911772275264,0.438405530694791,-0.0618176776991367,-0.218176195467983,0.0945408400697091
ORNARGDEG-PWY,0,0.992230831999915,0.725828547176551,-0.027947892063773,-0.184149802530795,0.128254018403249
ORNDEG-PWY,0,0.863209791355841,0.998780230777712,0.000121879949636734,-0.156136234193458,0.156379994092731
P101-PWY,0,0.572190110753091,0.708699754743304,-0.0298063962153077,-0.186174183011258,0.126561390580642
P105-PWY,0,0.67143656111406,0.823802620826239,-0.0177591570266707,-0.174086325779977,0.138568011726636
P108-PWY,0,0.836507660562629,0.301034001151177,0.0824931991794385,-0.0738409706149998,0.238827368973877
P122-PWY,0,0.891366753648181,0.635434558431156,0.0377977604823272,-0.118463693365953,0.194059214330607
P124-PWY,0,0.850053124078733,0.495023442255161,0.054411347817174,-0.101880453535167,0.210703149169515
P125-PWY,58.7075055426652,0.0621422205643032,0.105938896281879,-0.233407515962241,-0.516369647102604,0.0495546151781228
P161-PWY,70.6409004899896,0.00666500178139113,0.683291973187462,0.0697777285986098,-0.265443325272289,0.404998782469508
P162-PWY,70.6316308109466,0.00765150388329114,0.00101432329265472,-0.574006087335634,-0.916322603960896,-0.231689570710371
P163-PWY,75.3190962088139,0.00143504514517452,0.00904918844684813,-0.494289369661944,-0.865445980737176,-0.123132758586713
P164-PWY,0,0.78156806680929,0.470429906133702,-0.0575663427147765,-0.213885440965281,0.0987527555357277
P184-PWY,0.00190267803928918,0.347012427243122,0.386194522523822,-0.0691943041823605,-0.225700021845309,0.0873114134805875
P221-PWY,0,0.664482465842806,0.077824611831691,0.14082677478567,-0.0156933398201206,0.297346889391462
P23-PWY,11.4927851729688,0.349103032234786,0.428555960342265,-0.0713520111267261,-0.2480016663408,0.105297644087348
P241-PWY,0,0.427217624314751,0.550204853565366,-0.051401706172747,-0.220026621505114,0.11722320915962
P261-PWY,6.72861148720532,0.444256741388101,0.853991777248786,-0.0157992978460411,-0.184067803407889,0.152469207715807
P281-PWY,0,0.634790798147703,0.710543801607834,0.0296045174514932,-0.126740799629803,0.185949834532789
P341-PWY,19.5505532743861,0.247193457745695,0.732970706556807,-0.033194409273467,-0.223887041791357,0.157498223244423
P381-PWY,54.0565922257563,0.0722597459736798,0.749322364329067,-0.0435566376658065,-0.310726033577585,0.223612758245972
P4-PWY,53.2516448992264,0.0860762377480443,0.355815602618765,-0.124702892232238,-0.389400444023233,0.139994659558758
P42-PWY,0,0.797238508066036,0.681783235713045,0.0326967686061538,-0.123595060422292,0.1889885976346
P441-PWY,50.4251175253706,0.0954638238318097,0.0766191356311044,-0.2327312112684,-0.490345716186288,0.0248832936494871
P461-PWY,0,0.551035216488234,0.577509386927831,-0.0444453419506237,-0.200831589287648,0.1119409053864
P562-PWY,0.0106689227403264,0.389978643024768,0.884998662546661,-0.0115455712880727,-0.168000266199306,0.144909123623161
P621-PWY,0.0132714960624956,0.388091835889925,0.704036941959193,-0.0303263466898829,-0.186794345116552,0.126141651736786
PANTO-PWY,32.6983680083773,0.253963971663751,0.0768768153498788,0.194647035198433,-0.0209997327387861,0.410293803135653
PANTOSYN-PWY,19.435966412719,0.320302715487698,0.154982737480907,0.138381081655083,-0.0523315394183396,0.329093702728505
PENTOSE-P-PWY,0,0.986821950349701,0.267668309140064,-0.0883809639679466,-0.244656656580361,0.0678947286444678
PEPTIDOGLYCANSYN-PWY,0,0.690778543280611,0.618683893414197,-0.0396994292914749,-0.19603231223964,0.11663345365669
PHOSLIPSYN-PWY,26.2241641510983,0.22701061261283,0.390562726407181,-0.0888985874791072,-0.291831940589135,0.114034765630921
POLYAMINSYN3-PWY,16.5204313300202,0.532269578815235,0.03541360479883,0.199282551855368,0.0136069681630239,0.384958135547712
POLYAMSYN-PWY,7.92437324817194,0.446329140910185,0.349041523085644,0.0814329382992804,-0.0890039446903702,0.251869821288931
POLYISOPRENSYN-PWY,0,0.497922930695382,0.412678002878005,-0.0653814323619196,-0.221810646774583,0.0910477820507438
PPGPPMET-PWY,73.2450638145827,0.00549772149680451,0.0274107718508258,-0.399166315314365,-0.753874915608907,-0.0444577150198234
PROTOCATECHUATE-ORTHO-CLEAVAGE-PWY,0.00445935198508913,0.593546379236179,0.683047456521197,0.0325756244413654,-0.123794143492516,0.188945392375247
PRPP-PWY,0,0.679622494100557,0.130862999120815,0.120599308334349,-0.0358640083931427,0.27706262506184
PWY-1269,0,0.577119607133508,0.140106164932039,-0.117802614811178,-0.274295457562878,0.0386902279405222
PWY-1361,57.2944097052274,0.0796749522491132,0.762770950238277,0.0570185158501073,-0.313219817851454,0.427256849551669
PWY-1501,72.4169892867083,0.0377988226071371,0.562884868539777,0.167190897610392,-0.399193061387049,0.733574856607833
PWY-1541,28.9101238592483,0.160123867224067,0.302611734369261,0.109472100993384,-0.0986683919162575,0.317612593903026
PWY-1622,4.19027031743806e-05,0.245613596778098,0.70113548591627,-0.0306498199408752,-0.187175096252306,0.125875456370555
PWY-181,54.22646022888,0.0778265012637245,0.317794779305752,0.136521226329631,-0.131323353650694,0.404365806309957
PWY-1861,0.000385709287621861,0.276643079692987,0.883759982624443,0.0116740128198079,-0.144823567661397,0.168171593301013
PWY-1882,29.1454510349648,0.216641912564899,0.492984201454503,0.121125618359528,-0.225158193428841,0.467409430147897
PWY-2941,78.8690618187064,0.000306681089959419,0.0255243138075348,-0.455509951748202,-0.855256360867761,-0.0557635426286426
PWY-2942,30.7251003854118,0.220823604470864,0.00843149740673885,0.285542797506875,0.0730927975231312,0.497992797490618
PWY-3001,54.2730240848066,0.0664668940793345,0.00970987434914477,0.355997408654587,0.0861815401378675,0.625813277171307
PWY-3661,40.0276432691711,0.105186890430723,0.324211895191707,0.116313607482616,-0.114931427017537,0.347558641982769
PWY-3781,0,0.705560960903512,0.444669979858564,0.0609716445531986,-0.0953771335010935,0.217320422607491
PWY-3801,0,0.665677599050897,0.209128551786895,0.100238244763346,-0.0561859413461669,0.256662430872858
PWY-4361,70.4469425914724,0.0207907980524768,0.671955959757347,-0.0964290534589366,-0.542740860149192,0.349882753231319
PWY-4722,0,0.576038354206676,0.912218235954398,-0.00879460827204166,-0.165153070830519,0.147563854286435
PWY-4984,42.6579032568058,0.139031706848941,0.291964208008529,0.127317741465745,-0.109475643634303,0.364111126565793
PWY-5005,0,0.532336996078124,0.331244254874088,-0.0775482411440723,-0.23398101707041,0.078884534782265
PWY-5022,50.4903710804833,0.104216651154631,0.157784957583796,-0.185261196300086,-0.442315845686224,0.0717934530860515
PWY-5028,0.00940621403165315,0.229599923745519,0.128562065829665,0.121499807412134,-0.0351890698493005,0.278188684673569
PWY-5088,18.5453171465122,0.160488109862916,0.00435266718691531,-0.276355072810027,-0.466312739720518,-0.0863974058995372
PWY-5097,33.9829834479077,0.184179426142527,0.00537688267597669,0.311302707001638,0.09210644678846,0.530498967214817
PWY-5100,46.6606025583384,0.117925415984776,0.775635638647467,0.035837944615239,-0.210612390008609,0.282288279239087
PWY-5101,61.5369861678222,0.0262285293718366,0.00191795353646958,0.470055126236794,0.173118419217588,0.766991833256001
PWY-5103,62.2013687759454,0.0238050024268953,0.00288350498000887,0.455024267574187,0.155741163917775,0.754307371230599
PWY-5104,35.1158534460103,0.199241759027581,0.00169417864243777,0.355499821245609,0.133542013640922,0.577457628850297
PWY-5121,0,0.686580675138957,0.313299755993467,0.0804522947036104,-0.0759298447421925,0.236834434149413
PWY-5154,51.1637468206969,0.0848655043300899,0.0151463857293108,0.322928240648629,0.0623418921064953,0.583514589190764
PWY-5177,0,0.702743293857657,0.0760103275365899,-0.141685094767298,-0.298194501893566,0.0148243123589689
PWY-5178,0.0038499236877259,0.375066896646656,0.439260151527112,0.0617525064052114,-0.0947330554777249,0.218238068288148
PWY-5180,71.9311586802919,0.0136554035168229,0.609661090403585,-0.089351301633539,-0.432359495434784,0.253656892167706
PWY-5181,0.00060867728327942,0.420575904993707,0.711240605512308,0.0295458326975224,-0.126883839842856,0.185975505237901
PWY-5182,71.9311586802919,0.0136554035168229,0.609661090403585,-0.089351301633539,-0.432359495434784,0.253656892167706
PWY-5183,33.8885972677332,0.197154356040637,0.696692658396427,-0.0714741467554289,-0.430865490094727,0.287917196583869
PWY-5188,38.3301780633726,0.206370027683405,0.00497641428658403,-0.327263179915693,-0.555645281727821,-0.098881078103565
PWY-5189,47.7906346592159,0.10352806544601,0.0043260358679786,-0.365977943579543,-0.617367539830961,-0.114588347328124
PWY-5198,0,0.482696008721929,0.517331621900601,-0.0556977852893612,-0.22430273682571,0.112907166246988
PWY-5265,0,0.522011637608768,0.000160303448706502,-0.30287755655109,-0.46014948021019,-0.145605632891991
PWY-5304,0,0.868405800413862,0.0845847615972491,-0.137661333696595,-0.294102478031215,0.0187798106380251
PWY-5345,0.000694639383100984,0.291568036295332,0.37225119482804,0.0712628789853714,-0.0852744273025708,0.227800185273314
PWY-5347,76.7333354517017,0.00606873277650201,0.153188651288018,-0.275563646496254,-0.653686338806184,0.102559045813677
PWY-5384,7.10968174789235,0.304267518954074,0.0223877484193583,0.197448324362693,0.0279919536092013,0.366904695116185
PWY-5415,32.074089055608,0.180188700190394,0.833383257367883,-0.022973436932144,-0.237016801569548,0.19106992770526
PWY-5417,0,0.514185980071306,0.450999880212344,0.0601535102659821,-0.0962628759833391,0.216569896515303
PWY-5419,60.6519131404846,0.0546605785675757,0.867975139215856,0.0245655006161691,-0.265076547003103,0.314207548235441
PWY-5420,54.8247803534475,0.0716901371056566,0.913865545523061,0.0148843387280295,-0.254824149369498,0.284592826825557
PWY-5430,0.00360610416724617,0.362040054178931,0.788438283974497,-0.0214208101024672,-0.177879599094492,0.135037978889557
PWY-5431,0,0.514185980071306,0.450999880212344,0.0601535102659821,-0.0962628759833391,0.216569896515303
PWY-5484,50.347435424207,0.0810664712939495,0.0112315126457991,-0.333711274832033,-0.591681997553157,-0.0757405521109097
PWY-5505,25.4324103818956,0.401966675031794,0.0063986239812618,0.281324042428857,0.0791013158728131,0.483546768984901
PWY-5507,48.6981454929295,0.0962917492117352,0.405518374037048,-0.10697985408807,-0.359053804255411,0.145094096079271
PWY-5509,37.5313384755665,0.189719498279482,0.102178240702742,0.188122776433592,-0.0374752844351048,0.413720837302288
PWY-5529,0.00279415930990951,0.461184493382276,0.333951507995921,-0.083143055191575,-0.251803670789521,0.0855175604063712
PWY-5531,0.0150114500998726,0.190494573568027,0.331438541629255,-0.0776221933042078,-0.234267074967437,0.0790226883590211
PWY-5532,27.9570784508995,0.290105999007472,0.790309598127926,0.0279246850575337,-0.177903092065355,0.233752462180423
PWY-5647,20.3070120136175,0.201733254518396,0.50933317194217,-0.0647186925096821,-0.256946074765971,0.127508689746607
PWY-5651,0.0168377920690782,0.498601839814893,0.687335576232772,0.0321220076464682,-0.124305622404883,0.18854963769782
PWY-5654,0.00451224587652523,0.369390906924751,0.665791858399418,-0.0344810141481484,-0.190944915652869,0.121982887356572
PWY-5655,0.00831238778780765,0.175990246868273,0.985053079429952,-0.00149673339820126,-0.158083649797277,0.155090183000874
PWY-5659,0,0.782234121751453,0.401095025318064,0.0669733926039189,-0.0893569271363464,0.223303712344184
PWY-5667,0,0.884609604953861,0.6687207264455,-0.0341154080137241,-0.190376880546314,0.122146064518866
PWY-5675,0,1,0.3276119632765,-0.201392939666119,-0.60460949561692,0.201823616284681
PWY-5676,58.2193476095534,0.0419718238910031,0.179603295045834,-0.192399713219088,-0.473400335002122,0.0886009085639449
PWY-5677,0,0.636602001154034,0.201234139911255,-0.102009141020748,-0.258446903256436,0.0544286212149406
PWY-5686,0.00382152548078149,0.48008684443551,0.930620655264678,-0.00694756649762756,-0.163349558312627,0.149454425317372
PWY-5695,0,0.92078368710478,0.0783375183140291,-0.140501835109467,-0.296930054099378,0.0159263838804441
PWY-5705,0,0.711084538642797,0.472786448137539,0.0572697352407651,-0.0990729005758294,0.21361237105736
PWY-5741,48.3987531322149,0.0791974907531367,0.332615349759343,0.124383250954675,-0.12723911517683,0.376005617086179
PWY-5747,0,0.984998094339381,0.556509000671616,0.046870353372207,-0.10935206730981,0.203092774054224
PWY-5823,0,0.895424253134011,0.832824367328844,-0.016827385036304,-0.173076071369157,0.139421301296549
PWY-5837,40.3382810080374,0.171841620764172,0.169889372199212,-0.162207755299581,-0.39383442797291,0.0694189173737482
PWY-5838,45.4673432027177,0.129792413582425,0.22801959938358,-0.149852852869868,-0.393496190198515,0.0937904844587786
PWY-5840,28.689452815839,0.28276502672311,0.239141866393998,-0.124610354008164,-0.332090320410513,0.0828696123941838
PWY-5845,0,0.999784197108109,0.634008716499849,-0.0379410637297392,-0.194135858456045,0.118253730996567
PWY-5850,0,0.999985572956406,0.645229225772917,-0.0366898360487679,-0.192881793212775,0.11950212111524
PWY-5855,0,0.633448613811128,0.80171303010842,0.0200320346890859,-0.136309106625554,0.176373176003726
PWY-5856,0,0.633448613811128,0.80171303010842,0.0200320346890859,-0.136309106625554,0.176373176003726
PWY-5857,0,0.633448613811128,0.80171303010842,0.0200320346890859,-0.136309106625554,0.176373176003726
PWY-5860,0,0.999924121742699,0.562586748993132,-0.0461440272233899,-0.202344494022189,0.110056439575409
PWY-5861,45.7182208041989,0.129398671964017,0.171038241916033,-0.170677570827758,-0.415054746257171,0.0736996046016553
PWY-5862,0,0.999934463006225,0.556662395011314,-0.046845712859711,-0.203046707436683,0.109355281717261
PWY-5863,40.5919968157558,0.170181168560433,0.172033885279393,-0.161789667889875,-0.393980097722028,0.0704007619422785
PWY-5896,0,0.999985572956406,0.645229225772917,-0.0366898360487679,-0.192881793212775,0.11950212111524
PWY-5897,44.4442519323766,0.137987351190956,0.216313415581172,-0.152117676750657,-0.393259248384217,0.0890238948829026
PWY-5898,44.4442519323766,0.137987351190956,0.216313415581172,-0.152117676750657,-0.393259248384217,0.0890238948829026
PWY-5899,44.4442519323766,0.137987351190956,0.216313415581172,-0.152117676750657,-0.393259248384217,0.0890238948829026
PWY-5910,52.28635012911,0.0910501351680878,2.54949255596971e-05,-0.574160777400729,-0.841437431594737,-0.30688412320672
PWY-5913,0,0.563584719258745,0.523832712604075,-0.0508626822448106,-0.207250245278517,0.105524880788896
PWY-5918,5.47557109460132,0.401830996331364,0.0524148032190375,-0.164709918750365,-0.331139599742995,0.00171976224226522
PWY-5920,0,0.872101901227046,0.878224435445408,0.0122153555752309,-0.144040926165581,0.168471637316043
PWY-5941,40.5802413543486,0.168265659508677,0.170358604887718,0.162408547046986,-0.0697597423214264,0.394576836415398
PWY-5971,0,0.451645510919688,0.204568120630934,0.101303566156656,-0.0552031970624488,0.257810329375761
PWY-5973,0,0.70492835302127,0.00636155790579653,0.218255577600425,0.0614782395974463,0.375032915603405
PWY-5989,16.8838901990126,0.27496241533098,0.00105407384377817,0.313006244946895,0.125722780663292,0.500289709230498
PWY-6071,0,0.888296922072441,0.643557112238099,0.0368921471533807,-0.119369831629826,0.193154125936588
PWY-6107,0,0.862130368059504,0.794869649998212,0.0207284997864467,-0.135534205865144,0.176991205438037
PWY-6121,0,0.915559089293588,0.464257487305356,-0.0583519032208314,-0.214622932742336,0.097919126300673
PWY-6122,0,0.885569094661284,0.428100954598322,-0.0631900897242302,-0.219478817637856,0.0930986381893955
PWY-6123,0,0.64871701850229,0.620215200193613,-0.0395298701911146,-0.195877049806541,0.116817309424312
PWY-6125,6.90408357837098e-05,0.496689544220114,0.258543419739553,-0.0901972610070375,-0.246664811818585,0.0662702898045105
PWY-6126,0,0.478917298533848,0.53628010340342,-0.0493564952251145,-0.205775405284016,0.107062414833787
PWY-6141,7.35098093134703,0.346442263175966,0.730441142572046,-0.0324487046077682,-0.217038357351049,0.152140948135513
PWY-6143,18.5478348490692,0.298611814005374,3.15199662187911e-05,-0.405856177682995,-0.59697241066658,-0.214739944699409
PWY-6147,62.3575987587617,0.0411705045199708,0.108786315615529,-0.243269270851322,-0.540586262649741,0.0540477209470979
PWY-6148,15.0494493729085,0.33421158898212,0.804537793588232,-0.0253650960165866,-0.226249777328317,0.175519585295143
PWY-6151,66.1771281570542,0.0389361508660512,0.981176894105893,0.00376251853983847,-0.308798796460365,0.316323833540042
PWY-6163,0,0.760006392362508,0.819046434891863,0.0182433899764503,-0.138053921442469,0.17454070139537
PWY-6165,38.1932707417466,0.173199012603465,0.606649511745645,-0.0594596928635317,-0.285809422340128,0.166890036613065
PWY-6167,51.6199915265044,0.0969459474027967,0.920889233633727,0.0148627098372908,-0.278454204023676,0.308179623698258
PWY-6174,15.7828345439715,0.371880361226966,0.872918786585418,0.0150126898993329,-0.168944424499039,0.198969804297705
PWY-6182,0,0.660499650464608,0.846811947143239,0.0154089920851387,-0.140921171323057,0.171739155493335
PWY-6185,0,0.632594106413227,0.727424146918454,0.0278039323683421,-0.128541144398312,0.184149009134996
PWY-621,0.0129011782190184,0.310247567722018,0.93524020653045,0.00648794373714422,-0.150011249273916,0.162987136748204
PWY-6210,0,0.122387521522139,0.793900509420632,0.0225048354815431,-0.146332827329932,0.191342498293018
PWY-6263,0,0.921649337086703,0.466282764947214,-0.0580866197488258,-0.214354771328027,0.0981815318303751
PWY-6269,38.82091251965,0.1790669521426,0.0961811159171145,0.193885947466166,-0.0345322982517068,0.422304193184039
PWY-6277,0,0.885569094661284,0.428100954598322,-0.0631900897242302,-0.219478817637856,0.0930986381893955
PWY-6282,23.6684789269517,0.242058624094176,0.00137695428184937,0.325775283658603,0.126206588280011,0.525343979037195
PWY-6317,0.0087678569769717,0.242617750822162,0.463955720471272,-0.0585021006701252,-0.215069593363598,0.0980653920233474
PWY-6338,9.07141828145135e-05,0.450821935452434,0.727260236054424,-0.0278337118902972,-0.184248277377972,0.128580853597378
PWY-6339,49.18559279567,0.114334444319774,0.740732289030514,-0.0571062308200177,-0.395370506984357,0.281158045344322
PWY-6349,35.3953526723674,0.147020183627518,0.666279153961585,0.0485926032107017,-0.172247953081614,0.269433159503018
PWY-6350,32.4980372469239,0.163036056593782,0.694476507920933,0.0430741578480584,-0.171860936732784,0.258009252428901
PWY-6353,0,0.983064768052813,0.437767970230224,0.0618567994786549,-0.0943830492848314,0.218096648242141
PWY-6383,0,0.728492092091577,0.00104603442943829,-0.262527498815399,-0.419504020831763,-0.105550976799035
PWY-6385,0,0.650840800312534,0.658573318920164,-0.0352483893639891,-0.191591706413446,0.121094927685468
PWY-6386,0,0.666439110562245,0.652427740124497,-0.0359259591135627,-0.192264371663065,0.120412453435939
PWY-6387,0,0.678118159632966,0.629708261000668,-0.0384576311257445,-0.194793882714575,0.117878620463086
PWY-6396,51.4912466446757,0.0933750674844433,0.372954737979132,-0.117990290594293,-0.377551559010216,0.14157097782163
PWY-6397,38.8656859648782,0.186066800972875,0.33261521655269,-0.112735665068116,-0.340795365698234,0.115324035562002
PWY-6404,47.2113661291099,0.122961841968035,0.747782499427815,0.0544630204687914,-0.277493698727626,0.386419739665209
PWY-6467,0,0.953566841291462,0.416210402281339,0.0648188605710998,-0.091442573190798,0.221080294332998
PWY-6470,68.7587308258353,0.0191989978018019,0.0124348955843977,-0.419120046722843,-0.747762459216128,-0.0904776342295576
PWY-6471,0.0175689995974574,0.199436514756596,0.458153228209312,0.0592832438316405,-0.097334081050675,0.215900568713956
PWY-6478,0,0.942092129439286,0.219002417412926,-0.0980354999739037,-0.254355366316622,0.0582843663688151
PWY-6505,0.00467855586271501,0.341664370229952,0.7196089278792,0.0308916019381141,-0.137770089468595,0.199553293344823
PWY-6507,0,0.519265902600471,0.00462131137738345,0.226705253478121,0.0698247453033131,0.383585761652929
PWY-6519,0.0217898540650954,0.336256003360504,0.000543893140340836,0.277454446132461,0.120202647676254,0.434706244588668
PWY-6545,41.2133914021565,0.168225719720733,0.108726163651087,0.19125000325604,-0.0424507189078903,0.42495072541997
PWY-6562,15.4563856107479,0.274918183853774,0.382084100949603,0.0818843237631275,-0.101729875446133,0.265498522972388
PWY-6572,0,0.762562831863046,0.282623852158373,0.0857185846296456,-0.0706463641262406,0.242083533385532
PWY-6581,49.9233706189902,0.136324479233035,0.505987733189641,0.141110629718171,-0.274725381936082,0.556946641372423
PWY-6588,52.7929042615358,0.0764134651356752,0.024158060956281,-0.304620609631096,-0.569432015058654,-0.0398092042035387
PWY-6590,3.50124393541376,0.399987273593236,0.321762818474106,-0.0822607594223753,-0.244979086751079,0.080457567906328
PWY-6608,0,0.609081249450064,0.776924051778606,0.0226018629522397,-0.133748936196164,0.178952662100643
PWY-6609,0,0.69069335197849,0.403090875151616,-0.0667030497520961,-0.223064028682503,0.0896579291783106
PWY-6612,44.5796453666854,0.115235766809809,0.0182948508056629,-0.292199911461312,-0.534911512670907,-0.0494883102517172
PWY-6628,82.8055515732201,0.000179827440243207,0.183273370191298,-0.298620012083327,-0.738437599959265,0.141197575792612
PWY-6629,0,0.994205297762035,0.96834527985495,-0.0031624477704439,-0.159354546359141,0.153029650818253
PWY-6630,83.3651432986616,0.000145245229209072,0.199562341485071,-0.292595168161937,-0.739645550640499,0.154455214316625
PWY-6641,9.2710471710184e-05,0.416874444635609,0.40991635319651,0.0657832788073613,-0.0906808805414287,0.222247438156151
PWY-6654,30.4074107919417,0.190909811096626,0.607247340081365,0.0552771332130955,-0.155500664878715,0.266054931304907
PWY-6690,0,0.93636331590853,0.161306572091569,0.111736134733087,-0.0446144379790206,0.268086707445194
PWY-6700,0.00593351180536546,0.280223161808905,0.797327037499989,0.0205067749151798,-0.136001391043339,0.177014940873698
PWY-6703,38.6519589519741,0.201712233436715,0.0579719671129004,0.220719740881669,-0.0074571127376431,0.44889659450098
PWY-6708,0,0.633448613811128,0.80171303010842,0.0200320346890859,-0.136309106625554,0.176373176003726
PWY-6713,54.857796950337,0.113308133290842,0.652873167222647,-0.100762621290362,-0.539851947682849,0.338326705102125
PWY-6728,69.732975265262,0.0247740733134489,0.889298921576005,0.0234746524056412,-0.307073646923747,0.354022951735029
PWY-6731,25.699591228116,0.168425040646508,0.710422233564618,0.0382609960546817,-0.163711480776664,0.240233472886028
PWY-6737,6.64512671454051,0.422127873673562,0.215287242144012,0.106396114985071,-0.0618896625771719,0.274681892547314
PWY-6749,46.2492695640093,0.111256513000117,0.187643675901615,0.16517418397111,-0.0805300658015181,0.410878433743739
PWY-6876,23.709120761136,0.294910507627898,0.244154184729557,0.117680572497927,-0.0803587521992375,0.315719897195092
PWY-6891,73.7780983961858,0.00803784291528038,0.12097686002929,-0.281957613134618,-0.638333198801552,0.0744179725323158
PWY-6892,0,0.544288764166323,0.625805536384949,-0.0389084056823316,-0.195292672073975,0.117475860709312
PWY-6895,46.092452802023,0.137429064536994,0.297443669922462,-0.130319256560638,-0.37546125645572,0.114822743334445
PWY-6897,27.0047895252169,0.257296264057836,0.297644020380535,0.108507313187403,-0.0956891645466144,0.312703790921421
PWY-6901,0,0.81484465755355,0.538235044413519,0.0490822564641663,-0.107216581649256,0.205381094577589
PWY-6906,0,0.682103315603137,0.0653461872557044,-0.147181230960891,-0.303713149097692,0.00935068717591048
PWY-6944,0,0.494743674172237,0.801961086686257,-0.0300980951415909,-0.265300861690528,0.205104671407347
PWY-6948,6.70111677550068,0.26562739969401,0.42265535256883,0.100262054527237,-0.144816991670313,0.345341100724787
PWY-6957,74.0924522879085,0.0307239497351303,0.610780511765458,0.151832725886943,-0.432863287014227,0.736528738788114
PWY-6969,26.631062506543,0.21212894745369,0.0498483340675238,0.204399580389654,0.000135396433105756,0.408663764346203
PWY-6992,72.3838354499219,0.016535518167775,0.97006620553142,-0.00884120871999292,-0.470622260034199,0.452939842594213
PWY-7003,0,0.516228759559134,0.00828563380556188,-0.21124133306976,-0.368057069443769,-0.0544255966957509
PWY-7007,0,0.673213969460129,0.491402361033576,-0.0548904596608191,-0.211243373977662,0.101462454656024
PWY-7013,4.90941076327012,0.434842563976208,0.0587132477566676,-0.159461401742149,-0.324796487715222,0.00587368423092366
PWY-7031,19.4684980537136,0.260562950367761,4.62285623603561e-07,-0.498041153286005,-0.691668821932574,-0.304413484639435
PWY-7046,0,0.525255021650482,0.735182166179509,0.0405860927266244,-0.194593742368462,0.275765927821711
PWY-7090,3.58544410643798e-05,0.261127281140148,0.0780441502323675,0.140884226288681,-0.0158153670846007,0.297583819661963
PWY-7094,0,0.809919295836738,0.490275382220746,0.0550170120012204,-0.101289571306842,0.211323595309282
PWY-7097,9.07141828225406e-05,0.450821935452434,0.727260236054425,-0.0278337118902971,-0.184248277377972,0.128580853597378
PWY-7098,0.00809141158822533,0.445008051029515,0.726783717869899,-0.0278873924418239,-0.184318923860164,0.128544138976516
PWY-7111,42.7319499920425,0.140155013360078,0.0007478963985646,0.412035008879847,0.172497741194279,0.651572276565416
PWY-7159,0.0150114500998726,0.190494573568027,0.331438541629255,-0.0776221933042078,-0.234267074967437,0.0790226883590211
PWY-7184,0,0.432901856970928,0.061031800359502,-0.149704817860181,-0.306338316705678,0.00692868098531599
PWY-7187,16.8510092365794,0.506151861691236,0.0800334519003075,-0.166206064710139,-0.352301116409502,0.0198889869892246
PWY-7196,0,0.553490457511521,0.962408502375743,0.00376014886286513,-0.15260602121538,0.16012631894111
PWY-7197,0.00762889692313253,0.385126847862715,0.589933887915177,-0.0430241406142664,-0.19949247326845,0.113444192039917
PWY-7198,0,0.606741240571057,0.0582711307513741,0.151272846846407,-0.00529722548516168,0.307842919177976
PWY-7199,0,0.491194251238461,0.97603293764393,0.00239718453876491,-0.153992998698889,0.158787367776419
PWY-7200,0,0.696939004451947,0.292632660695752,-0.0839674272729329,-0.240351683337711,0.0724168287918451
PWY-7208,12.2156551038858,0.277807688538234,0.268027173876829,0.100612491690645,-0.0774245240580563,0.278649507439346
PWY-7209,0,0.97373912414263,0.104171675442191,0.1296449511979,-0.026728049053523,0.286017951449324
PWY-7210,0,0.616471216222091,0.0541695130005342,0.153819286166482,-0.00275490994098551,0.310393482273949
PWY-7211,30.4515718266953,0.184773422857413,0.409352020868484,-0.0888099162705389,-0.299788055441384,0.122168222900306
PWY-7219,0,0.740299619257123,0.692565024879925,-0.0315319458175223,-0.187842381424391,0.124778489789347
PWY-722,0.00542254835943357,0.104048916989981,0.972387364815213,0.00276682634929849,-0.153899436115938,0.159433088814535
PWY-7220,45.7684630275802,0.130489325342856,0.412110533945664,-0.10219865340479,-0.346418712879317,0.142021406069736
PWY-7221,0,0.684757780241508,0.205820466846668,-0.100967344764648,-0.257386446895547,0.0554517573662504
PWY-7222,45.7684630275802,0.130489325342856,0.412110533945664,-0.10219865340479,-0.346418712879317,0.142021406069736
PWY-7228,0.0114817757403817,0.404946494410715,0.205581775740598,-0.101103628368633,-0.257651419566611,0.0554441628293462
PWY-7229,0,0.487633234429151,0.442361531895164,-0.061312361384846,-0.217740659257958,0.0951159364882664
PWY-7234,45.5694847269017,0.126710198188546,0.22128725674535,-0.152084653196472,-0.395791159606407,0.091621853213463
PWY-7237,0,0.780533474695363,0.1317946445081,0.120281433077961,-0.036146904144192,0.276709770300113
PWY-7242,0,0.494719463281515,0.00189840191193459,0.248763989522089,0.0917716372590423,0.405756341785136
PWY-7254,0,0.777011050632993,0.0290216245689722,-0.174419310857721,-0.33100446831009,-0.0178341534053524
PWY-7255,0,0.589429411957228,0.787232038720889,0.0215319779740003,-0.134825395136608,0.177889351084608
PWY-7286,23.0205002475198,0.21927819045776,0.809565212958435,0.0242166566144741,-0.172739113110241,0.221172426339189
PWY-7295,57.9884873429315,0.0632376307207057,0.86285361176583,-0.0246928071413161,-0.304860877185831,0.255475262903199
PWY-7315,0,0.896631991435013,0.0733974240913398,0.142906234075351,-0.0135385054265121,0.299350973577215
PWY-7323,0,0.605560917681788,0.16900093148383,0.109800496542169,-0.0466643263898216,0.26626531947416
PWY-7328,27.4834014057274,0.314013401486028,0.446366378488706,0.0796466888186231,-0.125353119281672,0.284646496918919
PWY-7332,0.0128439616208641,0.242320896399136,0.367093744518207,0.0720602181904732,-0.0845321351109404,0.228652571491887
PWY-7347,33.848350553434,0.166944640485124,0.822542698106213,-0.0249028755688115,-0.24253106900161,0.192725317863987
PWY-7371,0,0.670429143748884,0.205427740145548,-0.10105812651838,-0.257482293477744,0.0553660404409848
PWY-7373,40.563683278068,0.14133167061288,2.57895592374601e-05,-0.506141216674535,-0.7418995853877,-0.270382847961371
PWY-7374,50.8095441603284,0.101386187210802,0.518907437152109,0.0847472739340601,-0.172762427134197,0.342256975002317
PWY-7376,34.9289789833163,0.154731520480001,0.833620895493619,-0.0235603180090435,-0.243389839002775,0.196269202984688
PWY-7377,58.267498536974,0.0508475233456908,0.00274223748531306,-0.434206530342596,-0.71833318084218,-0.150079879843013
PWY-7391,27.7858254607349,0.271000507275,0.492181915781812,-0.0720172790203171,-0.277524729007634,0.133490170967
PWY-7392,19.9886489222675,0.468711146991381,0.00503408862927894,-0.27521954714227,-0.467536958373403,-0.0829021359111375
PWY-7400,10.5388793658502,0.424637925545245,0.0251583480689469,0.200356151423529,0.0249665149949607,0.375745787852097
PWY-7431,0,0.873692872632378,0.983547174228113,-0.00164404986671298,-0.157898307179785,0.154610207446359
PWY-7446,0,0.791131877828233,0.697811335360233,0.0309622300171889,-0.125330609135263,0.187255069169641
PWY-7456,32.355196456422,0.294649827569335,0.116988531224929,0.171704191826398,-0.042985091053768,0.386393474706563
PWY-7527,66.8285688802122,0.0336205651818926,0.613257530705164,-0.108564490811808,-0.52955829544009,0.312429313816474
PWY-7539,53.679557342034,0.0694895597433326,0.100906660325964,-0.223379274294598,-0.490262715060834,0.0435041664716378
PWY-7560,0,0.711451786004048,0.147680262741127,0.115558772898673,-0.0408821017835925,0.271999647580939
PWY-7616,0,0.713105292069691,0.174588590361296,-0.108350452310979,-0.264775005129649,0.0480741005076904
PWY-7644,0,0.538101138207767,0.484256302749216,0.0601657195744922,-0.108422053542042,0.228753492691026
PWY-7663,11.9749653864111,0.425720053342683,0.00720505021149726,0.244163552918117,0.0660789103208898,0.422248195515345
PWY-7664,25.5493973276082,0.232337514628495,0.00137891008788571,0.331484813250712,0.128392508426626,0.534577118074799
PWY-841,0.000188627609387613,0.472456700838704,0.242234717060238,-0.0933662962222661,-0.249849578110816,0.063116985666284
PWY-922,50.8730684838405,0.100149028274637,2.00126973423919e-05,-0.572541756743806,-0.835666550355567,-0.309416963132045
PWY0-1061,0,0.505154326278353,0.493315611642887,0.0546695993885739,-0.101744165107009,0.211083363884157
PWY0-1241,0,0.578003985945065,0.0753702651425763,-0.142035785708588,-0.298589779313817,0.0145182078966407
PWY0-1261,0,0.924340623940646,0.0169069599840751,0.190844669589656,0.0342553990029676,0.347433940176344
PWY0-1277,0,0.902453569772599,0.139346723847434,0.117942835294173,-0.0384360773257667,0.274321747914113
PWY0-1296,46.2773964808833,0.110905532177096,0.558969288330557,0.0732449721498173,-0.172415712121377,0.318905656421012
PWY0-1297,58.1575526650357,0.051301827981739,0.609356401509209,0.0731133180706512,-0.207320362396243,0.353546998537545
PWY0-1298,59.5840875132257,0.0486056351573108,0.753786757892562,0.0456750788818409,-0.2397432656762,0.331093423439881
PWY0-1319,0,0.884609604953861,0.6687207264455,-0.0341154080137241,-0.190376880546314,0.122146064518866
PWY0-1338,0,0.886835899294938,0.968296733774701,-0.00316846129781586,-0.159417813622502,0.153080891026871
PWY0-1415,0,0.562310550052937,0.414102288250677,-0.0651719646497994,-0.221576224911471,0.0912322956118724
PWY0-1479,0,0.761337401512296,0.45302943158562,0.0598505524607385,-0.0964780427027694,0.216179147624246
PWY0-1533,9.33373626421831,0.476034075174375,0.0539739472333571,0.170222134020067,-0.00290778667388586,0.343352054714019
PWY0-1586,18.5930016685863,0.306302274995914,0.498814278133772,-0.0652001346813518,-0.254138809400443,0.123738540037739
PWY0-162,0.00283651795341023,0.415901283337622,0.700367065574118,-0.0307151934216705,-0.187151679559616,0.125721292716275
PWY0-166,28.0318376600548,0.335263877414628,0.0429210630348251,-0.213403613043203,-0.420006764963342,-0.00680046112306351
PWY0-321,0,0.763972533768964,0.374468756809849,0.0708443553548462,-0.0854973775437072,0.2271860882534
PWY0-41,48.2515296603248,0.117911765087181,0.28261340274464,-0.137429567389509,-0.388118503061738,0.113259368282719
PWY0-42,0,0.765707283724904,0.918261630349462,-0.00818348927800705,-0.164476274228945,0.14810929567293
PWY0-781,77.9308276517088,0.00216238919879265,0.112464059952044,-0.314811862492479,-0.703555722886311,0.0739319979013534
PWY0-845,3.34693665565139,0.525394326578547,0.73119991113862,0.028453213978683,-0.133882837804821,0.190789265762187
PWY0-862,13.3655018070369,0.303458936470136,0.0016582701038489,0.290331385337233,0.109423211978912,0.471239558695553
PWY1G-0,0,0.729036845611387,0.283241278328625,-0.0856148239111638,-0.241990939208146,0.0707612913858186
PWY490-3,10.5874760269339,0.28582053496774,0.00128397773768342,0.289149433072973,0.113123355830896,0.46517551031505
PWY4FS-7,38.0786949381185,0.167388270242592,0.245349687617464,-0.134372385127614,-0.361075288421239,0.0923305181660108
PWY4FS-8,38.0786949381185,0.167388270242592,0.245349687617464,-0.134372385127614,-0.361075288421239,0.0923305181660108
PWYG-321,31.0374740660194,0.188734980888305,0.00162950138279778,0.343594701904545,0.12984530103349,0.557344102775601
PYRIDNUCSAL-PWY,0.30676615843311,0.418650218219696,0.125763188842535,0.122736043368359,-0.0343862822327219,0.279858368969439
PYRIDNUCSYN-PWY,0,0.76750250289678,0.00875529277764033,0.20961415718811,0.0528940384369297,0.366334275939291
PYRIDOXSYN-PWY,9.46945300296097,0.456911905880257,0.455143510547098,0.0659507140118063,-0.107120164244777,0.23902159226839
REDCITCYC,0.000940231507920837,0.455105377314462,0.289583319452921,-0.0845496849113737,-0.241026249312937,0.0719268794901891
RHAMCAT-PWY,0,0.902078498234812,0.000114467925798299,0.309358270686828,0.152183254169873,0.466533287203783
RIBOSYN2-PWY,25.3260011322129,0.248830579430042,0.0452962991253764,-0.206020479153692,-0.407725979302247,-0.00431497900513736
RUMP-PWY,0.0135385020594153,0.25179927856773,0.980205458278217,0.00198160451855471,-0.154554718411621,0.158517927448731
SALVADEHYPOX-PWY,0,0.834058897808982,0.45605667173955,0.0594405903646072,-0.0968625070984684,0.215743687827683
SER-GLYSYN-PWY,38.665853860556,0.17393286377336,0.060497806663981,0.218674012181428,-0.00964745155895649,0.446995475921813
SO4ASSIM-PWY,17.1916275506141,0.319366125343618,0.10057758408833,0.156552041082051,-0.0303085941649445,0.343412676329046
SUCSYN-PWY,30.8237201540253,0.178837717352619,0.81559459817337,-0.025180306840525,-0.236798481284217,0.186437867603167
SULFATE-CYS-PWY,34.862495361553,0.199655191134053,0.0342289600295287,0.238188522361897,0.0177064006757981,0.458670644047996
TCA,5.88776361650785e-05,0.208872500665629,0.482650238646341,0.0560838913655693,-0.100490389230787,0.212658171961925
TCA-GLYOX-BYPASS,0,0.754870951666654,0.996589921335896,-0.000340819837026018,-0.156636616079638,0.155954976405586
TEICHOICACID-PWY,0.00150594450203299,0.339330361720078,0.90980805846417,0.00904314194132986,-0.147419878822891,0.165506162705551
THISYN-PWY,0,0.578055819688543,0.341355911320592,0.0759328400215422,-0.080480468729702,0.232346148772786
THREOCAT-PWY,0,0.867116016835129,0.301827555377367,0.0823519466055488,-0.0739709393268354,0.238674832537933
THRESYN-PWY,0,0.884847734296308,0.305301054738218,0.0817585117125562,-0.074556759794564,0.238073783219676
TRNA-CHARGING-PWY,0,0.768188731679118,0.768437053593557,-0.0234784177059521,-0.179775092317053,0.132818256905149
TRPSYN-PWY,45.3807770731946,0.133156694843704,0.0117023677966028,0.314720908069392,0.0700390404064605,0.559402775732324
TYRFUMCAT-PWY,0,0.915030871383643,0.842329102894819,0.0158567186917573,-0.140383740942433,0.172097178325947
UBISYN-PWY,0,0.718421091290263,0.71407069290792,0.0292217082449211,-0.127094746774652,0.185538163264494
UDPNAGSYN-PWY,3.6484119823164,0.655398321595348,0.170130157176729,-0.114046780724082,-0.276993209739271,0.0488996482911072
VALDEG-PWY,0,0.708627934543598,0.664751942810924,0.0345641348396019,-0.121758961437703,0.190887231116906
VALSYN-PWY,61.3175754584788,0.0299845989762645,0.00345595592238722,0.440935569458756,0.145372625699867,0.736498513217646
CENTBENZCOA-PWY,0,0.976878024120151,0.233246021929347,0.112858920789221,-0.0727050183676991,0.298422859946142
PWY-7185,0,0.788306769290308,0.268773850115286,-0.104716205684358,-0.290304166689892,0.0808717553211748
PWY-7316,0,0.690397659681633,0.229873398215191,-0.120343465548193,-0.31678870290294,0.0761017718065548
PWY-5266,0.000114445962353243,0.371858189762803,0.439046717178458,-0.114492873293848,-0.404491262124566,0.17550551553687
PWY-5499,66.965302395495,0.0818832319762792,0.951893397686091,0.0188626785949901,-0.593943947038533,0.631669304228514
PWY-6113,0,1,0.322910803655984,-0.211335078534927,-0.630365614003983,0.207695456934128
PWY-6284,0,1,0.322910803655985,-0.211335078534927,-0.630365614003982,0.207695456934129
PWY-6285,0,1,0.322910803655985,-0.211335078534927,-0.630365614003982,0.207695456934129
PWY-7084,79.8455501553184,0.0259149669268222,0.676448482847414,-0.169037486313897,-0.962941107133684,0.62486613450589
PWY-7398,0,0.597013335080648,0.350789638845959,-0.160357641047357,-0.497201599922925,0.176486317828211
PWY-1422,43.5995620712554,0.183006811028592,0.673198419175354,0.115265488612695,-0.420382500898541,0.650913478123932
PWY-3941,0,0.505065857513151,0.826693273032709,0.0447492576595945,-0.3558405222994,0.445339037618589
PWY-5273,36.8964590399646,0.208085405671759,0.920880566520858,-0.025629603710764,-0.531376544918593,0.480117337497065
PWY-5392,0,0.642191045982944,0.357345235066992,0.188405422847898,-0.212782766249563,0.589593611945358
PWY-622,59.4525250019189,0.116315519908827,0.905443128294299,0.0383295408946336,-0.594094356136273,0.67075343792554
PWY-6660,0,1,0.704405504587961,0.109599838984662,-0.456617642126819,0.675817320096142
PWY-7002,71.649348825486,0.0603676235237485,0.953906019105906,0.0223665460287373,-0.736038255135177,0.780771347192651
PWY-7385,66.8438068097766,0.0824451767085557,0.83875973274118,-0.0727307175834619,-0.773288306920722,0.627826871753798
PWY-2221,0,1,0.20270918265629,0.37088283567364,-0.19975349490965,0.94151916625693
PWY-3081,0,1,0.605927234833984,0.149133140292696,-0.41744565749556,0.715711938080952
PWY-5427,0,1,0.3277417894911,-0.283938425248873,-0.852575070819305,0.284698220321559
PWY-5656,0,1,0.189734508172172,0.381995303236869,-0.188934291610595,0.952924898084333
PWY-5743,0,1,0.926398139833341,0.0266682636791702,-0.539149752161663,0.592486279520003
PWY-5744,0,1,0.928102727814335,0.0260488858454323,-0.539767975409624,0.591865747100488
PWY-6565,0,1,0.595530818275233,0.153465224625398,-0.413159862437325,0.72009031168812
PWY-6915,0,1,0.327741789491099,-0.283938425248873,-0.852575070819305,0.284698220321559
PWY-6919,0,1,0.327741789491099,-0.283938425248874,-0.852575070819306,0.284698220321559
PWY-6942,0,1,0.327741789491097,-0.283938425248875,-0.852575070819307,0.284698220321558
PWY-6956,0,1,0.327741789491098,-0.283938425248874,-0.852575070819306,0.284698220321558
PWY-7024,0,1,0.951731467634904,-0.0174745844244895,-0.583278249555329,0.54832908070635
